Emitent;Nazwa giełdowa;Ticker;ISIN;Branża;
11 bit studios SA;11BIT;11B;PL11BTS00015;Gry video;
4Fun Media SA;4FUNMEDIA;4FM;PL4FNMD00013;Media;
AB SA;ABPL;ABE;PLAB00000019;Handel hurtowy;
AC SA;ACAUTOGAZ;ACG;PLACSA000014;Motoryzacja;
Action SA w restrukturyzacji;ACTION;ACT;PLACTIN00018;Handel hurtowy;
Adiuvo Investments SA;ADIUVO;ADV;PLADVIV00015;Ochrona zdrowia;
Agora SA;AGORA;AGO;PLAGORA00067;Media;
Agroton Public Limited;AGROTON;AGT;CY0101062111;Produkcja żywności;
Ailleron SA;AILLERON;ALL;PLWNDMB00010;Informatyka;
Airway Medix SA;AIRWAY;AWM;PLAIRWY00017;Ochrona zdrowia;
Alior Bank SA;ALIOR;ALR;PLALIOR00045;Banki;
All In! Games SA;AIGAMES;ALG;PLSNTFG00017;Finanse pozostałe;
Alta SA;ALTA;AAT;PLTRNSU00013;Nieruchomości;
Altus Towarzystwo Funduszy Inwestycyjnych SA;ALTUSTFI;ALI;PLATTFI00018;Rynek kapitałowy;
Alumetal SA;ALUMETAL;AML;PLALMTL00023;Hutnictwo;
Ambra SA;AMBRA;AMB;PLAMBRA00013;Produkcja żywności;
AMICA Wronki SA;AMICA;AMC;PLAMICA00010;Wyposażenie domu;
Ampli SA w upadłości układowej;AMPLI;APL;PLAMPLI00019;Zaopatrzenie przedsiębiorstw;
AmRest Holdings SE;AMREST;EAT;ES0105375002;Rekreacja i wypoczynek;
Apator SA;APATOR;APT;PLAPATR00018;Elektromaszynowy;
Aplisens SA;APLISENS;APN;PLAPLS000016;Elektromaszynowy;
APS Energia SA;APSENERGY;APE;PLAPSEN00011;Elektromaszynowy;
AR Packaging Poznań SA;BSCDRUK;BSC;PLBSCDO00017;Drewno i papier;
Archicom SA;ARCHICOM;ARH;PLARHCM00016;Nieruchomości;
Arctic Paper SA;ARCTIC;ATC;PLARTPR00012;Drewno i papier;
Arteria SA;ARTERIA;ARR;PLARTER00016;Usługi dla przedsiębiorstw;
Artifex Mundi SA;ARTIFEX;ART;PLARTFX00011;Gry video;
ASBISc Enterprises PLC;ASBIS;ASB;CY1000031710;Handel hurtowy;
ASM Group SA;ASMGROUP;ASM;PLASMGR00014;Media;
Asseco Business Solutions SA;ASSECOBS;ABS;PLABS0000018;Informatyka;
Asseco Poland SA;ASSECOPOL;ACP;PLSOFTB00016;Informatyka;
Asseco South Eastern Europe SA;ASSECOSEE;ASE;PLASSEE00014;Informatyka;
Astarta Holding NV;ASTARTA;AST;NL0000686509;Produkcja żywności;
Atal SA;ATAL;1AT;PLATAL000046;Nieruchomości;
Atende SA;ATENDE;ATD;PLATMSI00016;Informatyka;
Atlanta Poland SA;ATLANTAPL;ATP;PLATLPL00018;Produkcja żywności;
Atlantis SE;ATLANTIS;ATS;EE3100143090;Finanse pozostałe;
Atlas Estates Limited;ATLASEST;ATL;GB00B0WDBP88;Nieruchomości;
ATM Grupa SA;ATMGRUPA;ATG;PLATM0000021;Media;
ATM SA;ATM;ATM;PLATMSA00013;Telekomunikacja;
Atrem SA;ATREM;ATR;PLATREM00017;Budownictwo;
AUGA Group AB;AUGA;AUG;LT0000127466;Produkcja żywności;
Auto Partner SA;AUTOPARTN;APR;PLATPRT00018;Motoryzacja;
Baltic Bridge SA;WINVEST;WIS;PLARIEL00046;Finanse pozostałe;
Banco Santander SA;SANTANDER;SAN;ES0113900J37;Banki;
Bank Gospodarstwa Krajowego;;;;;
Bank Handlowy w Warszawie SA;HANDLOWY;BHW;PLBH00000012;Banki;
Bank Millennium SA;MILLENNIUM;MIL;PLBIG0000016;Banki;
Bank Ochrony Środowiska SA;BOS;BOS;PLBOS0000019;Banki;
Bank Polska Kasa Opieki SA;PEKAO;PEO;PLPEKAO00016;Banki;
BARCLAYS BANK PLC;;;;;
BBI Development SA;BBIDEV;BBD;PLNFI1200018;Nieruchomości;
Benefit Systems SA;BENEFIT;BFT;PLBNFTS00018;Rekreacja i wypoczynek;
Berling SA;BERLING;BRG;PLBRLNG00015;Zaopatrzenie przedsiębiorstw;
Best SA;BEST;BST;PLBEST000010;Finanse pozostałe;
Betacom SA;BETACOM;BCM;PLBTCOM00016;Informatyka;
Biomed-Lublin Wytwórnia Surowic i Szczepionek SA;BIOMEDLUB;BML;PLBMDLB00018;Ochrona zdrowia;
Bioton SA;BIOTON;BIO;PLBIOTN00029;Ochrona zdrowia;
Biuro Inwestycji Kapitałowych SA;BIK;BIK;PLBIKPT00014;Nieruchomości;
BNP Paribas Bank Polska SA;BNPPPL;BNP;PLBGZ0000010;Banki;
BoomBit SA;BOOMBIT;BBT;PLBMBIT00010;Gry video;
Boryszew SA;BORYSZEW;BRS;PLBRSZW00011;Hutnictwo;
Bowim SA;BOWIM;BOW;PLBOWM000019;Zaopatrzenie przedsiębiorstw;
Braster SA;BRASTER;BRA;PLBRSTR00014;Ochrona zdrowia;
British Automotive Holding SA;BAHOLDING;BAH;PLMRVPL00016;Motoryzacja;
Budimex SA;BUDIMEX;BDX;PLBUDMX00013;Budownictwo;
Bumech SA;BUMECH;BMC;PLBMECH00012;Elektromaszynowy;
Capital Park SA;CPGROUP;CPG;PLCPPRK00037;Nieruchomości;
Capital Partners SA;CAPITAL;CPA;PLCPTLP00015;Finanse pozostałe;
CCC SA;CCC;CCC;PLCCC0000016;Odzież i kosmetyki;
CD Projekt SA;CDPROJEKT;CDR;PLOPTTC00011;Gry video;
CDRL SA;CDRL;CDL;PLCDRL000043;Odzież i kosmetyki;
Celon Pharma SA;CLNPHARMA;CLN;PLCLNPH00015;Ochrona zdrowia;
Centrum Medyczne Enel-Med SA;ENELMED;ENE;PLENLMD00017;Ochrona zdrowia;
Centrum Nowoczesnych Technologii SA;CNT;CNT;PLERGPL00014;Budownictwo;
Ceramika Nowa Gala SA;NOWAGALA;CNG;PLCRMNG00029;Budownictwo;
CEZ a.s.;CEZ;CEZ;CZ0005112300;Energia;
CFI Holding SA;CFI;CFI;PLINTKS00013;Rekreacja i wypoczynek;
CI Games SA;CIGAMES;CIG;PLCTINT00018;Gry video;
Ciech SA;CIECH;CIE;PLCIECH00018;Chemia;
City Service SE;CITYSERV;CTS;EE3100126368;Usługi dla przedsiębiorstw;
Clean&Carbon Energy SA;CCENERGY;CCE;PLKAREN00014;Nieruchomości;
Coal Energy SA;COALENERG;CLE;LU0646112838;Górnictwo;
Cognor Holding SA;COGNOR;COG;PLCNTSL00014;Hutnictwo;
Comarch SA;COMARCH;CMR;PLCOMAR00012;Informatyka;
Comp SA;COMP;CMP;PLCMP0000017;Informatyka;
Comperia.pl SA;COMPERIA;CPL;PLCOMPR00010;Media;
CPD SA;CELTIC;CPD;PLCELPD00013;Nieruchomości;
CPI FIM SA;ORCOGROUP;OPG;LU0122624777;Nieruchomości;
Cyfrowy Polsat SA;CYFRPLSAT;CPS;PLCFRPT00013;Telekomunikacja;
Czerwona Torebka SA;CZTOREBKA;CZT;PLCRWTR00022;Nieruchomości;
DataWalk SA;DATAWALK;DAT;PLPILAB00012;Informatyka;
Decora SA;DECORA;DCR;PLDECOR00013;Budownictwo;
Dekpol SA;DEKPOL;DEK;PLDEKPL00032;Budownictwo;
Delko SA;DELKO;DEL;PLDELKO00019;Handel hurtowy;
DEUTSCHE BANK AG;;;;;
Develia SA;DEVELIA;DVL;PLLCCRP00017;Nieruchomości;
DGA SA;DGA;DGA;PLDGA0000019;Usługi dla przedsiębiorstw;
Digitree Group SA;DIGITREE;DTR;PLSARE000013;Informatyka;
Dino Polska SA;DINOPL;DNP;PLDINPL00011;Sieci handlowe;
Dom Development SA;DOMDEV;DOM;PLDMDVL00012;Nieruchomości;
Dom Maklerski IDM SA w upadłości układowej;IDMSA;IDM;PLIDMSA00044;Rynek kapitałowy;
Drewex SA;DREWEX;DRE;PLDREWX00012;Drewno i papier;
Drop SA;DROP;DRP;PLDROP000011;Recykling;
Drozapol-Profil SA;DROZAPOL;DPL;PLDRZPL00032;Zaopatrzenie przedsiębiorstw;
Echo Investment SA;ECHO;ECH;PLECHPS00019;Nieruchomości;
ED Invest SA;EDINVEST;EDI;PLEDINV00014;Nieruchomości;
Eko Export SA;EKOEXPORT;EEX;PLEKEP000019;Recykling;
Elektrobudowa SA w upadłości;ELBUDOWA;ELB;PLELTBD00017;Budownictwo;
Elektrociepłownia Będzin SA;BEDZIN;BDZ;PLECBDZ00013;Energia;
Elektrotim SA;ELEKTROTI;ELT;PLELEKT00016;Budownictwo;
Elemental Holding SA;ELEMENTAL;EMT;PLELMTL00017;Recykling;
ELKOP SE;ELKOP;EKP;PLELKOP00013;Nieruchomości;
EMC Instytut Medyczny SA;EMCINSMED;EMC;PLEMCIM00017;Ochrona zdrowia;
Enea SA;ENEA;ENA;PLENEA000013;Energia;
ENEFI Vagyonkezelő Nyrt.;ESTAR;EST;HU0000089198;Energia;
Energa SA;ENERGA;ENG;PLENERG00022;Energia;
ENERGOAPARATURA SA;ENAP;ENP;PLENAP000010;Budownictwo;
Energoinstal SA;ENERGOINS;ENI;PLERGIN00015;Budownictwo;
Enter Air SA;ENTER;ENT;PLENTER00017;Transport;
Erbud SA;ERBUD;ERB;PLERBUD00012;Budownictwo;
ERG SA;ERG;ERG;PLERGZB00014;Tworzywa i guma;
Ergis SA;ERGIS;EGS;PLEUFLM00017;Tworzywa i guma;
ERSTE BANK AG;;;;;
Esotiq & Henderson SA;ESOTIQ;EAH;PLESTHN00018;Odzież i kosmetyki;
Eurocash SA;EUROCASH;EUR;PLEURCH00011;Sieci handlowe;
Eurohold Bulgaria AD;EUROHOLD;EHG;BG1100114062;Ubezpieczenia;
Europejskie Centrum Odszkodowań SA;EUCO;EUC;PLERPCO00017;Ubezpieczenia;
Eurotel SA;EUROTEL;ETL;PLERTEL00011;Sieci handlowe;
Everest Investments SA;EVEREST;EVE;PLWDMCP00013;Finanse pozostałe;
Fabryka Farb i Lakierów Śnieżka SA;SNIEZKA;SKA;PLSNZKA00033;Budownictwo;
Fabryka Obrabiarek RAFAMET SA;RAFAMET;RAF;PLRFMET00016;Elektromaszynowy;
Fabryka Sprzętu i Narzędzi Górniczych Fasing SA;FASING;FSG;PLFSING00010;Elektromaszynowy;
Fabryki Mebli FORTE SA;FORTE;FTE;PLFORTE00012;Wyposażenie domu;
Famur SA;FAMUR;FMF;PLFAMUR00012;Elektromaszynowy;
Fast Finance SA w restrukturyzacji;FASTFIN;FFI;PLFSTFC00012;Finanse pozostałe;
Feerum SA;FEERUM;FEE;PLFEERM00018;Elektromaszynowy;
Fenghua SoleTech AG;FENGHUA;FGT;DE000A13SX89;Zaopatrzenie przedsiębiorstw;
Ferro SA;FERRO;FRO;PLFERRO00016;Budownictwo;
Ferrum SA;FERRUM;FER;PLFERUM00014;Hutnictwo;
Firma Oponiarska Dębica SA;DEBICA;DBC;PLDEBCA00016;Motoryzacja;
Fon SE;FON;FON;EE3100005166;Finanse pozostałe;
Games Operators SA;GAMEOPS;GOP;PLGMSOP00019;Gry video;
GetBack SA w restrukturyzacji;GETBACK;GBK;PLGTBCK00297;Finanse pozostałe;
Getin Holding SA;GETIN;GTN;PLGSPR000014;Banki;
Getin Noble Bank SA;GETINOBLE;GNB;PLGETBK00012;Banki;
Giełda Papierów Wartościowych w Warszawie SA;GPW;GPW;PLGPW0000017;Rynek kapitałowy;
Giełda Praw Majątkowych Vindexus SA;VINDEXUS;VIN;PLVNDEX00013;Finanse pozostałe;
Global Cosmed SA;GLCOSMED;GLC;PLGLBLC00011;Odzież i kosmetyki;
Globe Trade Centre SA;GTC;GTC;PLGTC0000037;Nieruchomości;
Gobarto SA;GOBARTO;GOB;PLDUDA000016;Produkcja żywności;
Govena Lighting SA;GOVENA;GOV;PLGVNLT00019;Elektromaszynowy;
Groclin SA;GROCLIN;GCN;PLINTGR00013;Motoryzacja;
Grodno SA;GRODNO;GRN;PLGRODN00015;Zaopatrzenie przedsiębiorstw;
Grupa Azoty SA;GRUPAAZOTY;ATT;PLZATRM00012;Chemia;
Grupa Azoty Zakłady Azotowe Puławy SA;PULAWY;ZAP;PLZAPUL00057;Chemia;
Grupa Azoty Zakłady Chemiczne Police SA;POLICE;PCE;PLZCPLC00036;Chemia;
Grupa Kapitałowa Immobile SA;IMMOBILE;GKI;PLMAKRM00019;Finanse pozostałe;
Grupa Kęty SA;KETY;KTY;PLKETY000011;Hutnictwo;
Grupa Lotos SA;LOTOS;LTS;PLLOTOS00025;Paliwa;
Grupa Żywiec SA;ZYWIEC;ZWC;PLZYWIC00016;Produkcja żywności;
Harper Hygienics SA;HARPER;HRP;PLHRPHG00023;Odzież i kosmetyki;
Helio SA;HELIO;HEL;PLHELIO00014;Produkcja żywności;
Herkules SA;HERKULES;HRS;PLZRWZW00012;Budownictwo;
HM Inwest SA;HMINWEST;HMI;PLHMINW00016;Nieruchomości;
Hollywood SA;HOLLYWOOD;HLD;PLHOLWD00017;Pozostały handel i usługi;
HubStyle SA;HUBSTYLE;HUB;PLGRNKT00019;Media;
i2 Development SA;I2DEV;I2D;PLI2DVL00014;Nieruchomości;
Idea Bank SA;IDEABANK;IDA;PLIDEAB00013;Banki;
IFIRMA SA;IFIRMA;IFI;PLPWRMD00011;Informatyka;
IMC SA;IMCOMPANY;IMC;LU0607203980;Produkcja żywności;
Immofinanz AG;IIAAV;IIA;AT0000A21KS2;Nieruchomości;
Impel SA;IMPEL;IPL;PLIMPEL00011;Usługi dla przedsiębiorstw;
Impera Capital SA;IMPERA;IMP;PLNFI0700018;Finanse pozostałe;
IMS SA;IMS;IMS;PLINTMS00019;Media;
INC SA;INC;INC;PLINCLT00015;Finanse pozostałe;
IndygoTech Minerals SA;INDYGO;IDG;PLLSTIA00018;Finanse pozostałe;
ING BANK HIPOTECZNY SA;;;;;
ING Bank Śląski SA;INGBSK;ING;PLBSK0000017;Banki;
Inpro SA;INPRO;INP;PLINPRO00015;Nieruchomości;
Instal Kraków SA;INSTALKRK;INK;PLINSTK00013;Budownictwo;
Inter Cars SA;INTERCARS;CAR;PLINTCS00010;Motoryzacja;
Inter Rao Lietuva AB;INTERAOLT;IRL;LT0000128621;Energia;
Interbud-Lublin SA w restrukturyzacji;INTERBUD;ITB;PLINTBD00014;Nieruchomości;
Interferie SA;INTERFERI;INF;PLINTFR00023;Rekreacja i wypoczynek;
Interma Trade SA;ITMTRADE;ITM;PLBRIJU00010;Odzież i kosmetyki;
International Personal Finance PLC;PROVIDENT;IPF;GB00B1YKG049;Finanse pozostałe;
Intersport Polska SA;INTERSPPL;IPO;PLINTSP00038;Odzież i kosmetyki;
Introl SA;INTROL;INL;PLINTRL00013;Elektromaszynowy;
Investment Friends Capital SE;IFCAPITAL;IFC;EE3100143041;Finanse pozostałe;
Investment Friends SE;IFSA;IFR;EE3100143033;Finanse pozostałe;
Invista SA;INVISTA;INV;PLECMNG00019;Finanse pozostałe;
Ipopema Securities SA;IPOPEMA;IPE;PLIPOPM00011;Rynek kapitałowy;
IZOBLOK SA;IZOBLOK;IZB;PLIZBLK00010;Tworzywa i guma;
Izolacja Jarocin SA;IZOLACJA;IZO;PLIZCJR00017;Budownictwo;
Izostal SA;IZOSTAL;IZS;PLIZSTL00015;Elektromaszynowy;
J.W. Construction Holding SA;JWCONSTR;JWC;PLJWC0000019;Nieruchomości;
Jastrzębska Spółka Węglowa SA;JSW;JSW;PLJSW0000015;Górnictwo;
JHM Development SA;JHMDEV;JHM;PLJHMDL00018;Nieruchomości;
JJ Auto AG;JJAUTO;JJO;DE000A1TNS70;Motoryzacja;
JWW Invest SA;JWWINVEST;JWW;PLJWWNT00018;Elektromaszynowy;
K2 Internet SA;K2INTERNT;K2I;PLK2ITR00010;Media;
KCI SA;KCI;KCI;PLPONAR00012;Media;
KDM Shipping Public Limited;KDMSHIPNG;KDM;CY0102492119;Transport;
Kernel Holding SA;KERNEL;KER;LU0327357389;Produkcja żywności;
KGHM Polska Miedź SA;KGHM;KGH;PLKGHM000017;Górnictwo;
Kino Polska TV SA;KINOPOL;KPL;PLKNOPL00014;Media;
Komputronik SA w restrukturyzacji;KOMPUTRON;KOM;PLKMPTR00012;Sieci handlowe;
Korporacja Budowlana Dom SA;KBDOM;KBD;PLTRAST00020;Budownictwo;
Korporacja Gospodarcza Efekt SA;EFEKT;EFK;PLEFEKT00018;Usługi dla przedsiębiorstw;
Korporacja KGL SA;KGL;KGL;PLKRKGL00012;Zaopatrzenie przedsiębiorstw;
Koszalińskie Przedsiębiorstwo Przemysłu Drzewnego SA;KPPD;KPD;PLKPPD000017;Drewno i papier;
Krakchemia SA;KRAKCHEM;KCH;PLKRKCH00019;Zaopatrzenie przedsiębiorstw;
Kredyt Inkaso SA;KREDYTIN;KRI;PLKRINK00014;Finanse pozostałe;
Krezus SA;KREZUS;KZS;PLNFI0200019;Finanse pozostałe;
Krka d.d.;KRKA;KRK;SI0031102120;Ochrona zdrowia;
Kruk SA;KRUK;KRU;PLKRK0000010;Finanse pozostałe;
Krynica Vitamin SA;KRVITAMIN;KVT;PLKRVTM00010;Produkcja żywności;
Krynicki Recykling SA;KREC;KRC;PLKRNRC00012;Recykling;
KSG Agro SA;KSGAGRO;KSG;LU0611262873;Produkcja żywności;
Labo Print SA;LABOPRINT;LAB;PLLBPRT00013;Usługi dla przedsiębiorstw;
Lark.pl SA;LARK;LRK;PLPPWK000014;Informatyka;
Larq SA;LARQ;LRQ;PLCAMMD00032;Media;
Lena Lighting SA;LENA;LEN;PLLENAL00015;Elektromaszynowy;
Lentex SA;LENTEX;LTX;PLLENTX00010;Budownictwo;
Libet SA;LIBET;LBT;PLLBT0000013;Budownictwo;
LiveChat Software SA;LIVECHAT;LVC;PLLVTSF00010;Informatyka;
Lokum Deweloper SA;LOKUM;LKD;PLLKMDW00049;Nieruchomości;
LPP SA;LPP;LPP;PLLPP0000011;Odzież i kosmetyki;
LSI Software SA;LSISOFT;LSI;PLLSSFT00016;Informatyka;
LUBAWA SA;LUBAWA;LBW;PLLUBAW00013;Odzież i kosmetyki;
Lubelski Węgiel Bogdanka SA;BOGDANKA;LWB;PLLWBGD00016;Górnictwo;
M.W. Trade SA;MWTRADE;MWT;PLMWTRD00013;Finanse pozostałe;
Mabion SA;MABION;MAB;PLMBION00016;Ochrona zdrowia;
Magna Polonia SA;06MAGNA;06N;PLNFI0600010;Finanse pozostałe;
Makarony Polskie SA;MAKARONPL;MAK;PLMKRNP00015;Produkcja żywności;
Mangata Holding SA;MANGATA;MGT;PLZTKMA00017;Elektromaszynowy;
Marie Brizards Wine & Spirits;MBWS;MBW;FR0000060873;Produkcja żywności;
Marvipol Development SA;MARVIPOL;MVP;PLMRVDV00011;Nieruchomości;
Master Pharm SA;MASTERPHA;MPH;PLMSTPH00016;Ochrona zdrowia;
Maxcom SA;MAXCOM;MXC;PLMXCMS00016;Wyposażenie domu;
mBank SA;MBANK;MBK;PLBRE0000012;Banki;
MCI Capital SA;MCI;MCI;PLMCIMG00012;Finanse pozostałe;
MDI Energia SA;MDIENERGIA;MDI;PLNFI1000012;Budownictwo;
Mediacap SA;MEDIACAP;MCP;PLEMLAB00018;Media;
Mediatel SA;MEDIATEL;MTL;PLSMMDA00012;Telekomunikacja;
Medicalgorithmics SA;MEDICALG;MDG;PLMDCLG00015;Ochrona zdrowia;
Megaron SA;MEGARON;MEG;PLMGRON00016;Budownictwo;
Mennica Polska SA;MENNICA;MNC;PLMNNCP00011;Hutnictwo;
Mercator Medical SA;MERCATOR;MRC;PLMRCTR00015;Ochrona zdrowia;
Mercor SA;MERCOR;MCR;PLMRCOR00016;Budownictwo;
Mex Polska SA;MEXPOLSKA;MEX;PLMEXPL00010;Rekreacja i wypoczynek;
MFO SA;MFO;MFO;PLMFO0000013;Budownictwo;
Milkiland NV;MILKILAND;MLK;NL0009508712;Produkcja żywności;
Miraculum SA;MIRACULUM;MIR;PLKLSTN00017;Odzież i kosmetyki;
Mirbud SA;MIRBUD;MRB;PLMRBUD00015;Budownictwo;
ML System SA;MLSYSTEM;MLS;PLMLSTM00015;Energia;
MLP Group SA;MLPGROUP;MLG;PLMLPGR00017;Nieruchomości;
Mo-Bruk SA;MOBRUK;MBR;PLMOBRK00013;Recykling;
MOJ SA;MOJ;MOJ;PLMOJ0000015;Elektromaszynowy;
MOL Magyar Olaj - és Gázipari Részvénytársaság;MOL;MOL;HU0000153937;Paliwa;
Monnari Trade SA;MONNARI;MON;PLMNRTR00012;Odzież i kosmetyki;
MOSTOSTAL Płock SA;MOSTALPLC;MSP;PLMSTPL00018;Budownictwo;
Mostostal Warszawa SA;MOSTALWAR;MSW;PLMSTWS00019;Budownictwo;
Mostostal Zabrze SA;MOSTALZAB;MSZ;PLMSTZB00018;Budownictwo;
MUZA SA;MUZA;MZA;PLMUZA000019;Media;
MZN Property SA;MORIZON;MZN;PLMORZN00016;Media;
NanoGroup SA;NANOGROUP;NNG;PLNNGRP00011;Biotechnologia;
Netia SA;NETIA;NET;PLNETIA00014;Telekomunikacja;
Neuca SA;NEUCA;NEU;PLTRFRM00018;Ochrona zdrowia;
Newag SA;NEWAG;NWG;PLNEWAG00012;Elektromaszynowy;
Noble Financials SA;IBSM;IBS;PLPLPGR00010;Nieruchomości;
North Coast SA;NORTCOAST;NCT;PLNRTHC00014;Handel hurtowy;
Novaturas AB;NOVATURAS;NTU;LT0000131872;Rekreacja i wypoczynek;
NOVITA SA;NOVITA;NVT;PLNVITA00018;Zaopatrzenie przedsiębiorstw;
NTT System SA;NTTSYSTEM;NTT;PLNTSYS00013;Informatyka;
Octava SA;08OCTAVA;08N;PLNFI0800016;Nieruchomości;
Odlewnie Polskie SA;ODLEWNIE;ODL;PLODLPL00013;Hutnictwo;
OEX SA;OEX;OEX;PLTELL000023;Pozostały handel i usługi;
OncoArendi Therapeutics SA;OAT;OAT;PLONCTH00011;Biotechnologia;
ONE SA;FMG;FMG;PLTHP0000011;Finanse pozostałe;
Open Finance SA;OPENFIN;OPF;PLOPNFN00010;Finanse pozostałe;
Oponeo.pl SA;OPONEO.PL;OPN;PLOPNPL00013;Handel internetowy;
OPTeam SA;OPTEAM;OPM;PLOPTEM00012;Informatyka;
Orange Polska SA;ORANGEPL;OPL;PLTLKPL00017;Telekomunikacja;
Orbis SA;;;PLORBIS00014;Rekreacja i wypoczynek;
Orzeł Biały SA;ORZBIALY;OBL;PLORZBL00013;Recykling;
OT Logistics SA;OTLOG;OTS;PLODRTS00017;Transport;
Ovostar Union N.V.;OVOSTAR;OVO;NL0009805613;Produkcja żywności;
P.A. Nova SA;PANOVA;NVA;PLPANVA00013;Budownictwo;
Pamapol SA;PAMAPOL;PMP;PLPMPOL00031;Produkcja żywności;
PartnerBud SA;AWBUD;AWB;PLINSTL00011;Budownictwo;
Patentus SA;PATENTUS;PAT;PLPTNTS00019;Elektromaszynowy;
PBG SA;PBG;PBG;PLPBG0000029;Budownictwo;
PBS Finanse SA;PBSFINANSE;PBF;PLBEFSN00010;Finanse pozostałe;
PC Guard SA;PCGUARD;PCG;PLGUARD00019;Informatyka;
PCC Exol SA;PCCEXOL;PCX;PLPCCEX00010;Chemia;
PCC Rokita SA;PCCROKITA;PCR;PLPCCRK00076;Chemia;
Peixin International Group NV;PEIXIN;PEX;NL0010577052;Elektromaszynowy;
Pekao Bank Hipoteczny SA;;;;;
PGE Polska Grupa Energetyczna SA;PGE;PGE;PLPGER000010;Energia;
PGO SA;PGO;PGO;PLPGO0000014;Hutnictwo;
PGS Software SA;PGSSOFT;PSW;PLSFTWR00015;Informatyka;
Pharmena SA;PHARMENA;PHR;PLPHRMN00011;Ochrona zdrowia;
PKO BANK HIPOTECZNY SA;;;;;
PKP Cargo SA;PKPCARGO;PKP;PLPKPCR00011;Transport;
Platynowe Inwestycje SE;PLATYNINW;PIW;PLADDRG00015;Nieruchomości;
Play Communications SA;PLAY;PLY;LU1642887738;Telekomunikacja;
PlayWay SA;PLAYWAY;PLW;PLPLAYW00015;Gry video;
Plaza Centers NV;PLAZACNTR;PLZ;NL0011882741;Nieruchomości;
PMPG Polskie Media SA;PMPG;PGM;PLPEKPL00010;Media;
Polenergia SA;PEP;PEP;PLPLSEP00013;Energia;
Polimex Mostostal SA;POLIMEXMS;PXM;PLMSTSD00019;Budownictwo;
Polnord SA;POLNORD;PND;PLPOLND00019;Nieruchomości;
Polski Bank Komórek Macierzystych SA;PBKM;BKM;PLPBKM000012;Biotechnologia;
Polski Holding Nieruchomości SA;PHN;PHN;PLPHN0000014;Nieruchomości;
Polski Koncern Naftowy Orlen SA;PKNORLEN;PKN;PLPKN0000018;Paliwa;
Polskie Górnictwo Naftowe i Gazownictwo SA;PGNIG;PGN;PLPGNIG00014;Paliwa;
Polwax SA;POLWAX;PWX;PLPOLWX00026;Chemia;
Powszechna Kasa Oszczędności Bank Polski SA;PKOBP;PKO;PLPKO0000016;Banki;
Powszechny Zakład Ubezpieczeń SA;PZU;PZU;PLPZU0000011;Ubezpieczenia;
Pozbud T&R SA;POZBUD;POZ;PLPZBDT00013;Budownictwo;
Poznańska Korporacja Budowlana Pekabex SA;PEKABEX;PBX;PLPKBEX00072;Budownictwo;
Pragma Inkaso SA;PRAGMAINK;PRI;PLPRGNK00017;Finanse pozostałe;
PragmaGO SA;PRAGMAFA;PRF;PLGFPRE00040;Finanse pozostałe;
Prairie Mining Ltd.;PRAIRIE;PDZ;AU000000PDZ2;Górnictwo;
Prima Moda SA;PRIMAMODA;PMA;PLPRMMD00012;Odzież i kosmetyki;
Primetech SA;PRIMETECH;PTH;PLKOPEX00018;Elektromaszynowy;
Private Equity Managers SA;PEMANAGER;PEM;PLPREQM00011;Finanse pozostałe;
Procad SA;PROCAD;PRD;PLPRCAD00018;Informatyka;
Prochem SA;PROCHEM;PRM;PLPRCHM00014;Budownictwo;
Projprzem Makrum SA;PROJPRZEM;PJP;PLPROJP00018;Budownictwo;
Protektor SA;PROTEKTOR;PRT;PLLZPSK00019;Odzież i kosmetyki;
Przedsiębiorstwo Handlu Zagranicznego Baltona SA;BALTONA;BAL;PLBALTN00014;Sieci handlowe;
Przedsiębiorstwo Hydrauliki Siłowej Hydrotor SA;HYDROTOR;HDR;PLHDRTR00013;Elektromaszynowy;
Przedsiębiorstwo Produkcyjno Handlowe Wadex SA;WADEX;WAX;PLWADEX00018;Budownictwo;
Przedsiębiorstwo Produkcyjno-Handlowe Kompap SA;KOMPAP;KMP;PLKOMPP00017;Drewno i papier;
Przedsiębiorstwo Przemysłu Spożywczego PEPEES SA;PEPEES;PPS;PLPEPES00018;Produkcja żywności;
Przetwórstwo Tworzyw Sztucznych Plast-Box SA;PLASTBOX;PLX;PLPSTBX00016;Tworzywa i guma;
PunkPirates SA;PUNKPIRAT;PUN;PLIQPRT00017;Finanse pozostałe;
PZ Cormay SA;CORMAY;CRM;PLCMRAY00029;Ochrona zdrowia;
Quantum Software SA;QUANTUM;QNT;PLQNTUM00018;Informatyka;
Quercus Towarzystwo Funduszy Inwestycyjnych SA;QUERCUS;QRS;PLQRCUS00012;Rynek kapitałowy;
R22 SA;R22;R22;PLR220000018;Nowe technologie;
Radpol SA;RADPOL;RDL;PLRDPOL00010;Tworzywa i guma;
Rafako SA;RAFAKO;RFK;PLRAFAK00018;Budownictwo;
RAIFFEISEN BANK POLSKA SA;;;;;
RAIFFEISEN CENTROBANK AG;;;;;
Rainbow Tours SA;RAINBOW;RBW;PLRNBWT00031;Rekreacja i wypoczynek;
Rank Progress SA;RANKPROGR;RNK;PLRNKPR00014;Nieruchomości;
Rawlplug SA;RAWLPLUG;RWL;PLKLNR000017;Elektromaszynowy;
Redan SA;REDAN;RDN;PLREDAN00019;Odzież i kosmetyki;
Regnon SA;REGNON;REG;PLPRNTC00017;Informatyka;
Reinhold Europe AB;REINHOLD;RHD;SE0001856519;Nieruchomości;
Reino Capital SA;REINO;RNC;PLWDM0000029;Finanse pozostałe;
Relpol SA;RELPOL;RLP;PLRELPL00014;Elektromaszynowy;
Remak-Energomontaż SA;REMAK;RMK;PLREMAK00016;Budownictwo;
Resbud SE;RESBUD;RES;EE3100142985;Budownictwo;
Ronson Development SE;RONSON;RON;NL0006106007;Nieruchomości;
Rubicon Partners SA;RUBICON;RBC;PLNFI0500012;Finanse pozostałe;
Ryvu Therapeutics SA;RYVU;RVU;PLSELVT00013;Biotechnologia;
Sadovaya Group SA;SADOVAYA;SGR;LU0564351582;Górnictwo;
Sanok Rubber Company SA;SANOK;SNK;PLSTLSK00016;Motoryzacja;
Santander Bank Polska SA;SANPL;SPL;PLBZ00000044;Banki;
Sanwil Holding SA;SANWIL;SNW;PLSANWL00012;Odzież i kosmetyki;
Satis Group SA w restrukturyzacji;IALBGR;IAG;PLADVPL00029;Usługi dla przedsiębiorstw;
SCO-PAK SA;SCOPAK;SCO;PLSCOPK00012;Drewno i papier;
Seco/Warwick SA;SECOGROUP;SWG;PLWRWCK00013;Elektromaszynowy;
Seko SA;SEKO;SEK;PLSEKO000014;Produkcja żywności;
Selena FM SA;SELENAFM;SEL;PLSELNA00010;Budownictwo;
Selvita SA;SELVITA;SLV;PLSLVCR00029;Biotechnologia;
Serinus Energy Inc.;SERINUS;SEN;JE00BF4N9R98;Paliwa;
Sescom SA;SESCOM;SES;PLSESCM00013;Usługi dla przedsiębiorstw;
Sfinks Polska SA;SFINKS;SFS;PLSFNKS00011;Rekreacja i wypoczynek;
Silvair Inc.;SILVAIR-REGS;SVRS;USU827061099;Informatyka;
Silvano Fashion Group AS;SILVANO;SFG;EE3100001751;Odzież i kosmetyki;
SIMPLE SA;SIMPLE;SME;PLSIMPL00011;Informatyka;
Skarbiec Holding SA;SKARBIEC;SKH;PLSKRBH00014;Rynek kapitałowy;
SKOTAN SA;SKOTAN;SKT;PLSKTAN00010;Paliwa;
Skyline Investment SA;SKYLINE;SKL;PLSKLNW00011;Finanse pozostałe;
Sleepz AG;SLEEPZAG;SLZ;DE000A2E3772;Handel internetowy;
Soho Development SA;SOHODEV;SHD;PLNFI0400015;Nieruchomości;
SOLAR Company SA;SOLAR;SOL;PLSLRCP00021;Odzież i kosmetyki;
Sonel SA;SONEL;SON;PLSONEL00011;Elektromaszynowy;
Sopharma AD;SOPHARMA;SPH;BG11SOSOBT18;Ochrona zdrowia;
Stalexport Autostrady SA;STALEXP;STX;PLSTLEX00019;Transport;
Stalprodukt SA;STALPROD;STP;PLSTLPD00017;Hutnictwo;
STALPROFIL SA;STALPROFI;STF;PLSTLPF00012;Zaopatrzenie przedsiębiorstw;
Starhedge SA;STARHEDGE;SHG;PLHRDEX00021;Finanse pozostałe;
Stelmet SA;STELMET;STL;PLSTLMT00010;Wyposażenie domu;
Sunex SA;SUNEX;SNX;PLSUNEX00013;Elektromaszynowy;
Suwary SA;SUWARY;SUW;PLSUWAR00014;Tworzywa i guma;
Swissmed Centrum Zdrowia SA;SWISSMED;SWD;PLSWMED00013;Ochrona zdrowia;
Sygnity SA;SYGNITY;SGN;PLCMPLD00016;Informatyka;
Synektik SA;SYNEKTIK;SNT;PLSNKTK00019;Biotechnologia;
Talanx AG;TALANX;TNX;DE000TLX1005;Ubezpieczenia;
Talex SA;TALEX;TLX;PLTALEX00017;Informatyka;
Tarczyński SA;TARCZYNSKI;TAR;PLTRCZN00016;Produkcja żywności;
Tatry Mountain Resorts AS;TATRY;TMR;SK1120010287;Rekreacja i wypoczynek;
Tauron Polska Energia SA;TAURONPE;TPE;PLTAURN00011;Energia;
T-Bull SA;TBULL;TBL;PLTBULL00024;Gry video;
Ten Square Games SA;TSGAMES;TEN;PLTSQGM00016;Gry video;
Termo-Rex SA;TERMOREX;TRR;PLTRMRX00011;Paliwa;
Tesgas SA;TESGAS;TSG;PLTSGS000019;Budownictwo;
TIM SA;TIM;TIM;PLTIM0000016;Zaopatrzenie przedsiębiorstw;
Torpol SA;TORPOL;TOR;PLTORPL00016;Budownictwo;
Tower Investments SA;TOWERINVT;TOW;PLTWRNV00013;Nieruchomości;
Toya SA;TOYA;TOA;PLTOYA000011;Handel hurtowy;
Trakcja PRKiI SA;TRAKCJA;TRK;PLTRKPL00014;Budownictwo;
Trans Polonia SA;TRANSPOL;TRN;PLTRNSP00013;Transport;
Triton Development SA;TRITON;TRI;PLASMOT00030;Nieruchomości;
TXM SA w restrukturyzacji;TXM;TXM;PLTXM0000015;Odzież i kosmetyki;
ULMA Construccion Polska SA;ULMA;ULM;PLBAUMA00017;Budownictwo;
Ultimate Games SA;ULTGAMES;ULG;PLULTGM00013;Gry video;
Unibep SA;UNIBEP;UNI;PLUNBEP00015;Budownictwo;
UniCredit S.p.A.;UNICREDIT;UCG;IT0005239360;Banki;
Unima 2000 Systemy Teleinformatyczne SA;UNIMA;U2K;PLUNMST00014;Informatyka;
Unimot SA;UNIMOT;UNT;PLUNMOT00013;Paliwa;
Ursus SA w restrukturyzacji;URSUS;URS;PLPMWRM00012;Elektromaszynowy;
Venture Inc SA;VENTUREIN;VTI;PLVNTIN00011;Finanse pozostałe;
Vigo System SA;VIGOSYS;VGO;PLVIGOS00015;Elektromaszynowy;
Vistal Gdynia SA w restrukturyzacji;VISTAL;VTL;PLVTLGD00010;Budownictwo;
Vivid Games SA;VIVID;VVD;PLVVDGM00014;Gry video;
Votum SA;VOTUM;VOT;PLVOTUM00016;Ubezpieczenia;
Voxel SA;VOXEL;VOX;PLVOXEL00014;Ochrona zdrowia;
VRG SA;VRG;VRG;PLVSTLA00011;Odzież i kosmetyki;
Warimpex Finanz & und Beteiligungs AG;WARIMPEX;WXF;AT0000827209;Nieruchomości;
Wasko SA;WASKO;WAS;PLHOGA000041;Informatyka;
WAWEL SA;WAWEL;WWL;PLWAWEL00013;Produkcja żywności;
Wielton SA;WIELTON;WLT;PLWELTN00012;Elektromaszynowy;
Wikana SA;WIKANA;WIK;PLELPO000016;Nieruchomości;
Wirtualna Polska Holding SA;WIRTUALNA;WPL;PLWRTPL00027;Media;
Wittchen SA;WITTCHEN;WTN;PLWTCHN00030;Odzież i kosmetyki;
Wojas SA;WOJAS;WOJ;PLWOJAS00014;Odzież i kosmetyki;
Work Service SA;WORKSERV;WSE;PLWRKSR00019;Usługi dla przedsiębiorstw;
XTPL SA;XTPL;XTP;PLXTPL000018;Nowe technologie;
X-Trade Brokers Dom Maklerski SA;XTB;XTB;PLXTRDM00011;Rynek kapitałowy;
Yolo SA;YOLO;YOL;PLPRESC00018;Finanse pozostałe;
Zakład Budowy Maszyn Zremb-Chojnice SA;ZREMB;ZRE;PLZBMZC00019;Elektromaszynowy;
Zakłady Magnezytowe Ropczyce SA;ROPCZYCE;RPC;PLROPCE00017;Budownictwo;
Zakłady Mięsne Henryk Kania SA w upadłości;KANIA;KAN;PLIZNS000022;Produkcja żywności;
Zakłady Przemysłu Cukierniczego Otmuchów SA;OTMUCHOW;OTM;PLZPCOT00018;Produkcja żywności;
Zakłady Tłuszczowe Kruszwica SA;KRUSZWICA;KSW;PLKRUSZ00016;Produkcja żywności;
Zakłady Urządzeń Komputerowych Elzab SA;ELZAB;ELZ;PLELZAB00010;Informatyka;
Zakłady Urządzeń Kotłowych Stąporków SA;STAPORKOW;ZUK;PLSTPRK00019;Elektromaszynowy;
Zamet SA;ZAMET;ZMT;PLZAMET00010;Elektromaszynowy;
ZASTAL SA;ZASTAL;ZST;PLZSTAL00012;Transport;
Zespół Elektrociepłowni Wrocławskich Kogeneracja SA;KOGENERA;KGN;PLKGNRC00015;Energia;
Zespół Elektrowni Pątnów-Adamów-Konin SA;ZEPAK;ZEP;PLZEPAK00012;Energia;
ZPUE SA;ZPUE;PUE;PLZPUE000012;Elektromaszynowy;
ZUE SA;ZUE;ZUE;PLZUE0000015;Budownictwo;